sample_index,dataset,split,clip_id,frame_pkls,pose_dir,front_mp4,side_mp4,threequarter_mp4,panel_mp4,status,skipped_existing,source_frames,rendered_frames,output_fps,output_duration_sec
1,CSL-Daily-Fittings,train,S001032_P0000_T00,128,/home/cem/tez/exp/DATA/SOKE_DATA/CSL-Daily-Fittings/csl-daily_pose/csl-daily_pose/S001032_P0000_T00,/home/cem/tez/exp/new_data/01_csl_phoenix_neural_sign_actors_exploration_and_stats/triptych_videos_nb39_style/CSL-Daily-Fittings/01_CSL-Daily-Fittings__train__S001032_P0000_T00__front_nb39.mp4,/home/cem/tez/exp/new_data/01_csl_phoenix_neural_sign_actors_exploration_and_stats/triptych_videos_nb39_style/CSL-Daily-Fittings/01_CSL-Daily-Fittings__train__S001032_P0000_T00__side_nb39.mp4,/home/cem/tez/exp/new_data/01_csl_phoenix_neural_sign_actors_exploration_and_stats/triptych_videos_nb39_style/CSL-Daily-Fittings/01_CSL-Daily-Fittings__train__S001032_P0000_T00__threequarter_nb39.mp4,/home/cem/tez/exp/new_data/01_csl_phoenix_neural_sign_actors_exploration_and_stats/triptych_videos_nb39_style/CSL-Daily-Fittings/01_CSL-Daily-Fittings__train__S001032_P0000_T00__triptych_nb39_style.mp4,ok,False,128,64,12.0,5.333333333333333
2,CSL-Daily-Fittings,train,S004683_P0003_T00,99,/home/cem/tez/exp/DATA/SOKE_DATA/CSL-Daily-Fittings/csl-daily_pose/csl-daily_pose/S004683_P0003_T00,/home/cem/tez/exp/new_data/01_csl_phoenix_neural_sign_actors_exploration_and_stats/triptych_videos_nb39_style/CSL-Daily-Fittings/02_CSL-Daily-Fittings__train__S004683_P0003_T00__front_nb39.mp4,/home/cem/tez/exp/new_data/01_csl_phoenix_neural_sign_actors_exploration_and_stats/triptych_videos_nb39_style/CSL-Daily-Fittings/02_CSL-Daily-Fittings__train__S004683_P0003_T00__side_nb39.mp4,/home/cem/tez/exp/new_data/01_csl_phoenix_neural_sign_actors_exploration_and_stats/triptych_videos_nb39_style/CSL-Daily-Fittings/02_CSL-Daily-Fittings__train__S004683_P0003_T00__threequarter_nb39.mp4,/home/cem/tez/exp/new_data/01_csl_phoenix_neural_sign_actors_exploration_and_stats/triptych_videos_nb39_style/CSL-Daily-Fittings/02_CSL-Daily-Fittings__train__S004683_P0003_T00__triptych_nb39_style.mp4,ok,False,99,50,12.121212121212121,4.125
3,CSL-Daily-Fittings,train,S006643_P0009_T00,83,/home/cem/tez/exp/DATA/SOKE_DATA/CSL-Daily-Fittings/csl-daily_pose/csl-daily_pose/S006643_P0009_T00,/home/cem/tez/exp/new_data/01_csl_phoenix_neural_sign_actors_exploration_and_stats/triptych_videos_nb39_style/CSL-Daily-Fittings/03_CSL-Daily-Fittings__train__S006643_P0009_T00__front_nb39.mp4,/home/cem/tez/exp/new_data/01_csl_phoenix_neural_sign_actors_exploration_and_stats/triptych_videos_nb39_style/CSL-Daily-Fittings/03_CSL-Daily-Fittings__train__S006643_P0009_T00__side_nb39.mp4,/home/cem/tez/exp/new_data/01_csl_phoenix_neural_sign_actors_exploration_and_stats/triptych_videos_nb39_style/CSL-Daily-Fittings/03_CSL-Daily-Fittings__train__S006643_P0009_T00__threequarter_nb39.mp4,/home/cem/tez/exp/new_data/01_csl_phoenix_neural_sign_actors_exploration_and_stats/triptych_videos_nb39_style/CSL-Daily-Fittings/03_CSL-Daily-Fittings__train__S006643_P0009_T00__triptych_nb39_style.mp4,ok,False,83,83,24.0,3.4583333333333335
4,Neural-Sign-Actors,train,20qFsdFD3io_24-8-rgb_front,75,/home/cem/tez/exp/DATA/SOKE_DATA/Neural-Sign-Actors/train_poses/poses/20qFsdFD3io_24-8-rgb_front,/home/cem/tez/exp/new_data/01_csl_phoenix_neural_sign_actors_exploration_and_stats/triptych_videos_nb39_style/Neural-Sign-Actors/04_Neural-Sign-Actors__train__20qFsdFD3io_24-8-rgb_front__front_nb39.mp4,/home/cem/tez/exp/new_data/01_csl_phoenix_neural_sign_actors_exploration_and_stats/triptych_videos_nb39_style/Neural-Sign-Actors/04_Neural-Sign-Actors__train__20qFsdFD3io_24-8-rgb_front__side_nb39.mp4,/home/cem/tez/exp/new_data/01_csl_phoenix_neural_sign_actors_exploration_and_stats/triptych_videos_nb39_style/Neural-Sign-Actors/04_Neural-Sign-Actors__train__20qFsdFD3io_24-8-rgb_front__threequarter_nb39.mp4,/home/cem/tez/exp/new_data/01_csl_phoenix_neural_sign_actors_exploration_and_stats/triptych_videos_nb39_style/Neural-Sign-Actors/04_Neural-Sign-Actors__train__20qFsdFD3io_24-8-rgb_front__triptych_nb39_style.mp4,ok,False,75,75,24.0,3.125
5,Neural-Sign-Actors,train,5Uy3r6Sl4pM_1-8-rgb_front,44,/home/cem/tez/exp/DATA/SOKE_DATA/Neural-Sign-Actors/train_poses/poses/5Uy3r6Sl4pM_1-8-rgb_front,/home/cem/tez/exp/new_data/01_csl_phoenix_neural_sign_actors_exploration_and_stats/triptych_videos_nb39_style/Neural-Sign-Actors/05_Neural-Sign-Actors__train__5Uy3r6Sl4pM_1-8-rgb_front__front_nb39.mp4,/home/cem/tez/exp/new_data/01_csl_phoenix_neural_sign_actors_exploration_and_stats/triptych_videos_nb39_style/Neural-Sign-Actors/05_Neural-Sign-Actors__train__5Uy3r6Sl4pM_1-8-rgb_front__side_nb39.mp4,/home/cem/tez/exp/new_data/01_csl_phoenix_neural_sign_actors_exploration_and_stats/triptych_videos_nb39_style/Neural-Sign-Actors/05_Neural-Sign-Actors__train__5Uy3r6Sl4pM_1-8-rgb_front__threequarter_nb39.mp4,/home/cem/tez/exp/new_data/01_csl_phoenix_neural_sign_actors_exploration_and_stats/triptych_videos_nb39_style/Neural-Sign-Actors/05_Neural-Sign-Actors__train__5Uy3r6Sl4pM_1-8-rgb_front__triptych_nb39_style.mp4,ok,False,44,44,24.0,1.8333333333333333
6,Neural-Sign-Actors,train,CVpmdnJpOdE_3-5-rgb_front,441,/home/cem/tez/exp/DATA/SOKE_DATA/Neural-Sign-Actors/train_poses/poses/CVpmdnJpOdE_3-5-rgb_front,/home/cem/tez/exp/new_data/01_csl_phoenix_neural_sign_actors_exploration_and_stats/triptych_videos_nb39_style/Neural-Sign-Actors/06_Neural-Sign-Actors__train__CVpmdnJpOdE_3-5-rgb_front__front_nb39.mp4,/home/cem/tez/exp/new_data/01_csl_phoenix_neural_sign_actors_exploration_and_stats/triptych_videos_nb39_style/Neural-Sign-Actors/06_Neural-Sign-Actors__train__CVpmdnJpOdE_3-5-rgb_front__side_nb39.mp4,/home/cem/tez/exp/new_data/01_csl_phoenix_neural_sign_actors_exploration_and_stats/triptych_videos_nb39_style/Neural-Sign-Actors/06_Neural-Sign-Actors__train__CVpmdnJpOdE_3-5-rgb_front__threequarter_nb39.mp4,/home/cem/tez/exp/new_data/01_csl_phoenix_neural_sign_actors_exploration_and_stats/triptych_videos_nb39_style/Neural-Sign-Actors/06_Neural-Sign-Actors__train__CVpmdnJpOdE_3-5-rgb_front__triptych_nb39_style.mp4,ok,False,441,89,4.843537414965986,18.375
7,PHOENIX,test,17February_2010_Wednesday_heute-1482,134,/home/cem/tez/exp/DATA/SOKE_DATA/phoenix_poses/test/17February_2010_Wednesday_heute-1482,/home/cem/tez/exp/new_data/01_csl_phoenix_neural_sign_actors_exploration_and_stats/triptych_videos_nb39_style/PHOENIX/07_PHOENIX__test__17February_2010_Wednesday_heute-1482__front_nb39.mp4,/home/cem/tez/exp/new_data/01_csl_phoenix_neural_sign_actors_exploration_and_stats/triptych_videos_nb39_style/PHOENIX/07_PHOENIX__test__17February_2010_Wednesday_heute-1482__side_nb39.mp4,/home/cem/tez/exp/new_data/01_csl_phoenix_neural_sign_actors_exploration_and_stats/triptych_videos_nb39_style/PHOENIX/07_PHOENIX__test__17February_2010_Wednesday_heute-1482__threequarter_nb39.mp4,/home/cem/tez/exp/new_data/01_csl_phoenix_neural_sign_actors_exploration_and_stats/triptych_videos_nb39_style/PHOENIX/07_PHOENIX__test__17February_2010_Wednesday_heute-1482__triptych_nb39_style.mp4,ok,False,134,67,12.0,5.583333333333333
8,PHOENIX,train,09August_2009_Sunday_tagesschau-1185,78,/home/cem/tez/exp/DATA/SOKE_DATA/phoenix_poses/train/09August_2009_Sunday_tagesschau-1185,/home/cem/tez/exp/new_data/01_csl_phoenix_neural_sign_actors_exploration_and_stats/triptych_videos_nb39_style/PHOENIX/08_PHOENIX__train__09August_2009_Sunday_tagesschau-1185__front_nb39.mp4,/home/cem/tez/exp/new_data/01_csl_phoenix_neural_sign_actors_exploration_and_stats/triptych_videos_nb39_style/PHOENIX/08_PHOENIX__train__09August_2009_Sunday_tagesschau-1185__side_nb39.mp4,/home/cem/tez/exp/new_data/01_csl_phoenix_neural_sign_actors_exploration_and_stats/triptych_videos_nb39_style/PHOENIX/08_PHOENIX__train__09August_2009_Sunday_tagesschau-1185__threequarter_nb39.mp4,/home/cem/tez/exp/new_data/01_csl_phoenix_neural_sign_actors_exploration_and_stats/triptych_videos_nb39_style/PHOENIX/08_PHOENIX__train__09August_2009_Sunday_tagesschau-1185__triptych_nb39_style.mp4,ok,False,78,78,24.0,3.25
9,PHOENIX,train,16May_2010_Sunday_tagesschau-5228,204,/home/cem/tez/exp/DATA/SOKE_DATA/phoenix_poses/train/16May_2010_Sunday_tagesschau-5228,/home/cem/tez/exp/new_data/01_csl_phoenix_neural_sign_actors_exploration_and_stats/triptych_videos_nb39_style/PHOENIX/09_PHOENIX__train__16May_2010_Sunday_tagesschau-5228__front_nb39.mp4,/home/cem/tez/exp/new_data/01_csl_phoenix_neural_sign_actors_exploration_and_stats/triptych_videos_nb39_style/PHOENIX/09_PHOENIX__train__16May_2010_Sunday_tagesschau-5228__side_nb39.mp4,/home/cem/tez/exp/new_data/01_csl_phoenix_neural_sign_actors_exploration_and_stats/triptych_videos_nb39_style/PHOENIX/09_PHOENIX__train__16May_2010_Sunday_tagesschau-5228__threequarter_nb39.mp4,/home/cem/tez/exp/new_data/01_csl_phoenix_neural_sign_actors_exploration_and_stats/triptych_videos_nb39_style/PHOENIX/09_PHOENIX__train__16May_2010_Sunday_tagesschau-5228__triptych_nb39_style.mp4,ok,False,204,68,8.0,8.5
